config,points,predict_time,update_time,update_time_max,nrmse,within_16,within_8,within_4,within_2,within_1,coverage,leaves
tree,2000,0.000740547,0.0036325,0.3798,0.133765,0.638,0.363,0.1915,0.093,0.052,0.6855,27
tree,4000,0.00083633,0.00423904,0.2649,0.103301,0.733,0.4755,0.2645,0.1435,0.067,0.6625,55
tree,6000,0.000870308,0.0037469,0.1589,0.0885979,0.8175,0.5725,0.349,0.1795,0.092,0.673,90
tree,8000,0.00082257,0.00333562,0.127,0.0738557,0.848,0.634,0.4105,0.237,0.1385,0.676,115
tree,10000,0.000814416,0.00366387,0.2083,0.0708581,0.863,0.6625,0.452,0.27,0.152,0.684,140
tree,12000,0.000778934,0.00354942,0.2084,0.0670067,0.8825,0.714,0.494,0.3155,0.178,0.6805,174
tree,14000,0.000848844,0.00350986,0.2345,0.0616976,0.8965,0.741,0.5425,0.361,0.207,0.694,208
tree,16000,0.000889375,0.00372318,0.2072,0.0490553,0.918,0.7735,0.57,0.3875,0.2265,0.685,232
tree,18000,0.000844828,0.00413903,0.1695,0.0502032,0.926,0.7885,0.5975,0.405,0.2515,0.6825,258
tree,20000,0.000977686,0.00388595,0.2174,0.0512856,0.9215,0.7865,0.628,0.434,0.301,0.681,289
tree,22000,0.00105407,0.00432225,0.2839,0.0566301,0.921,0.8065,0.6375,0.452,0.304,0.6685,315
tree,24000,0.00091727,0.00449621,0.2785,0.050191,0.922,0.8015,0.6495,0.4725,0.317,0.666,355
tree,26000,0.000907601,0.00324195,0.1692,0.046657,0.937,0.8295,0.683,0.497,0.33,0.6805,378
tree,28000,0.000986062,0.00431295,0.2556,0.0502868,0.9405,0.836,0.683,0.5125,0.353,0.701,408
tree,30000,0.000945038,0.00400929,0.1905,0.0457401,0.9415,0.8445,0.703,0.549,0.3685,0.6925,438
tree,32000,0.000983018,0.00418138,0.2366,0.0388864,0.9555,0.8565,0.7055,0.5415,0.384,0.6815,463
tree,34000,0.0010024,0.00429059,0.2358,0.042634,0.9485,0.8475,0.7085,0.547,0.3925,0.6765,488
tree,36000,0.000942553,0.00388854,0.1954,0.0410074,0.952,0.865,0.7345,0.5685,0.398,0.677,517
tree,38000,0.000836074,0.0041957,0.2173,0.0439182,0.961,0.882,0.7385,0.5845,0.436,0.689,546
tree,40000,0.000947097,0.00388532,0.2386,0.0353301,0.959,0.8855,0.776,0.606,0.4375,0.6835,577
hybrid,2000,0.00170452,0.0117649,7.338,0.15952,0.5945,0.332,0.1695,0.0915,0.0375,0.6795,28
hybrid,4000,0.00236702,0.00599113,0.1598,0.107299,0.7205,0.446,0.2495,0.131,0.059,0.6595,60
hybrid,6000,0.00397153,0.0066834,0.227,0.0862315,0.821,0.593,0.3575,0.181,0.087,0.698,88
hybrid,8000,0.00110467,0.00448121,0.1791,0.0743873,0.8475,0.6325,0.398,0.2345,0.1155,0.68,119
hybrid,10000,0.00107114,0.00400656,0.1847,0.0717431,0.8665,0.6575,0.446,0.257,0.1485,0.698,139
hybrid,12000,0.00743491,0.00718572,0.2509,0.0600976,0.8965,0.7155,0.491,0.305,0.1745,0.694,175
hybrid,14000,0.00106442,0.00305446,0.1484,0.0603586,0.904,0.7495,0.533,0.338,0.1935,0.6665,208
hybrid,16000,0.0010761,0.00519731,0.2952,0.05027,0.9185,0.777,0.5655,0.351,0.206,0.702,237
hybrid,18000,0.00124648,0.00478846,0.2097,0.0508239,0.924,0.792,0.606,0.397,0.234,0.714,256
hybrid,20000,0.00114343,0.00478389,0.2802,0.0504166,0.923,0.785,0.6045,0.4075,0.2605,0.701,285
hybrid,22000,0.00409034,0.00715392,0.185,0.0548913,0.9265,0.7955,0.6225,0.4415,0.285,0.689,317
hybrid,24000,0.0100256,0.00248677,0.1106,0.0425982,0.9415,0.836,0.664,0.48,0.3095,0.7035,346
hybrid,26000,0.00125916,0.00293166,0.1947,0.0427796,0.9485,0.855,0.6815,0.484,0.3085,0.689,380
hybrid,28000,0.00104729,0.00291277,0.1614,0.048199,0.938,0.842,0.6735,0.4925,0.324,0.6785,412
hybrid,30000,0.00106445,0.00460038,0.2311,0.0436283,0.947,0.851,0.684,0.506,0.3305,0.691,443
hybrid,32000,0.00108424,0.00527811,0.2137,0.0387531,0.9545,0.854,0.7085,0.5255,0.3435,0.708,473
hybrid,34000,0.00117367,0.00514952,0.1614,0.0417905,0.9455,0.8615,0.721,0.536,0.3585,0.705,497
hybrid,36000,0.00117105,0.00513441,0.2704,0.0362974,0.9625,0.873,0.7305,0.5605,0.38,0.724,516
hybrid,38000,0.00110395,0.00426692,0.225,0.0435909,0.957,0.8815,0.748,0.5745,0.388,0.7115,539
hybrid,40000,0.00112708,0.00406154,0.2145,0.033624,0.9635,0.893,0.758,0.581,0.4075,0.7255,567
hybrid_log,2000,0.00151734,0.00981076,5.202,0.169595,0.561,0.312,0.17,0.084,0.0375,0.691,28
hybrid_log,4000,0.00229833,0.00565133,0.2127,0.113338,0.7295,0.454,0.263,0.129,0.07,0.647,58
hybrid_log,6000,0.00372594,0.00547436,0.1906,0.0892441,0.8165,0.595,0.358,0.1905,0.1,0.684,89
hybrid_log,8000,0.000937407,0.00438799,0.2379,0.0772414,0.8455,0.626,0.4035,0.228,0.1345,0.673,115
hybrid_log,10000,0.00100291,0.00403737,0.2058,0.0711669,0.869,0.67,0.4455,0.2625,0.1375,0.6925,147
hybrid_log,12000,0.00660173,0.00565001,0.1628,0.0668633,0.89,0.7185,0.4805,0.2865,0.1595,0.682,177
hybrid_log,14000,0.000941478,0.00240284,0.1605,0.0612596,0.896,0.7355,0.536,0.3345,0.1945,0.706,200
hybrid_log,16000,0.000957477,0.00539987,0.1968,0.0512767,0.9215,0.7665,0.564,0.3555,0.196,0.696,233
hybrid_log,18000,0.000948295,0.00379356,0.1385,0.0501593,0.924,0.792,0.602,0.393,0.227,0.702,261
hybrid_log,20000,0.000984311,0.00388774,0.1348,0.0514042,0.922,0.785,0.597,0.4095,0.26,0.6975,297
hybrid_log,22000,0.00395397,0.00632726,0.1541,0.0551805,0.925,0.8015,0.627,0.4425,0.2785,0.703,323
hybrid_log,24000,0.00951151,0.0019248,0.1209,0.0431209,0.94,0.8295,0.6745,0.4875,0.311,0.72,344
hybrid_log,26000,0.00111184,0.00241478,0.2076,0.0461027,0.9465,0.8445,0.6755,0.4845,0.3025,0.6865,375
hybrid_log,28000,0.00103795,0.00276633,0.1264,0.0490133,0.9375,0.832,0.681,0.4935,0.318,0.694,402
hybrid_log,30000,0.00103842,0.00496839,0.178,0.0457561,0.9415,0.845,0.6925,0.5,0.3205,0.6945,437
hybrid_log,32000,0.00104197,0.0047375,0.1588,0.0388357,0.952,0.8675,0.707,0.521,0.3435,0.7125,464
hybrid_log,34000,0.00101124,0.00469976,0.2386,0.0434189,0.943,0.858,0.7115,0.5375,0.36,0.71,492
hybrid_log,36000,0.000970078,0.00428182,0.18,0.0372454,0.9575,0.879,0.742,0.537,0.3635,0.717,524
hybrid_log,38000,0.00104795,0.00418919,0.1862,0.0434079,0.9565,0.881,0.7455,0.56,0.381,0.709,557
hybrid_log,40000,0.0010158,0.00348614,0.1771,0.0361131,0.965,0.887,0.758,0.5825,0.412,0.715,582
